SSE_RF,SSE_XGB,SSE_ARIMA
0.003921840105662218,0.005049566787280745,0.00379
